--CLIENTE
INSERT INTO CLIENTE(ID_CLIENTE, NOMB_CLIENTE, NAC_CLIENTE, DIR_CLIENTE)
VALUES ('V-21081301', 'Patricia Wilthew', '1992/06/11', 'Santa Fe Norte, Edif Cinaruco, Apto 14.');

INSERT INTO CLIENTE(ID_CLIENTE, NOMB_CLIENTE, NAC_CLIENTE, DIR_CLIENTE)
VALUES ('V-22123123', 'Luis Perez', '1993/04/16', 'Sta Monica, Edif AguaAzul, Apto 3.');

INSERT INTO CLIENTE(ID_CLIENTE, NOMB_CLIENTE, NAC_CLIENTE, DIR_CLIENTE)
VALUES ('V-20316654', 'Francisco Gamundi', '1991/10/04', 'Las mercedes, Edif La Casacado, Apto 8B.');

INSERT INTO CLIENTE(ID_CLIENTE, NOMB_CLIENTE, NAC_CLIENTE, DIR_CLIENTE)
VALUES ('V-13804094', 'Carlos A. Wilthew', '1953/05/28', 'Las Palmas, Edif Arboleda, Apto 3N.');

INSERT INTO CLIENTE(ID_CLIENTE, NOMB_CLIENTE, NAC_CLIENTE, DIR_CLIENTE)
VALUES ('V-5962715', 'Surama Rojas', '1960/10/13', 'Calicanto, Edif Caroni I, Apto 2A.');

INSERT INTO CLIENTE(ID_CLIENTE, NOMB_CLIENTE, NAC_CLIENTE, DIR_CLIENTE)
VALUES ('V-19333444', 'Sonia Alvarez', '1970/04/11', 'El Cigarral, Edif Casas del Sol, Apto 20.');

INSERT INTO CLIENTE(ID_CLIENTE, NOMB_CLIENTE, NAC_CLIENTE, DIR_CLIENTE)
VALUES ('V-18222111', 'Rafael Urdaneta', '1993/02/01', 'Chacao, Edif Azul, Apto 2.');

INSERT INTO CLIENTE(ID_CLIENTE, NOMB_CLIENTE, NAC_CLIENTE, DIR_CLIENTE)
VALUES ('V-20082351', 'Gabriela Castro', '1992/01/16', 'Pdos del Este, Calle Ppal, qta Casca.');

INSERT INTO CLIENTE(ID_CLIENTE, NOMB_CLIENTE, NAC_CLIENTE, DIR_CLIENTE)
VALUES ('V-17789321', 'Cecilia Blanco', '1962/09/07', 'El Hatillo, Calle Las Armas, qta Losereno.');

INSERT INTO CLIENTE(ID_CLIENTE, NOMB_CLIENTE, NAC_CLIENTE, DIR_CLIENTE)
VALUES ('V-3786546', 'Luis Alberto Rojas', '1955/04/11', 'Santa Fe Norte, Edif Cinaruco, Apto 14.');

INSERT INTO CLIENTE(ID_CLIENTE, NOMB_CLIENTE, NAC_CLIENTE, DIR_CLIENTE)
VALUES ('V-23087309', 'Carlos Bajares', '1942/03/22', 'Sta Ines, Calle ppal, Edif Halameo, Apto 88.');

INSERT INTO CLIENTE(ID_CLIENTE, NOMB_CLIENTE, NAC_CLIENTE, DIR_CLIENTE)
VALUES ('V-20071302', 'Sofia Sanchez', '1970/08/10', 'Macaracuay, Edif Silvador, Apto 55.');

INSERT INTO CLIENTE(ID_CLIENTE, NOMB_CLIENTE, NAC_CLIENTE, DIR_CLIENTE)
VALUES ('V-22088321', 'Andrea Rios', '1978/09/17', 'La Lagunita, Edif Blanca Suites, Apto 19.');

INSERT INTO CLIENTE(ID_CLIENTE, NOMB_CLIENTE, NAC_CLIENTE, DIR_CLIENTE)
VALUES ('V-11085305', 'Andreina Hernandez', '1992/06/12', 'Los Palos Grandes, Edif El Pino, Apto 22.');

INSERT INTO CLIENTE(ID_CLIENTE, NOMB_CLIENTE, NAC_CLIENTE, DIR_CLIENTE)
VALUES ('V-345987', 'Susana Bajares', '1913/02/21', 'La Tahona, Edif Arboles, Apto 74.');


--TARJETA
INSERT INTO TARJETA (NRO_TARJETA, TIPO_TARJETA, BANC_TARJETA, CI_TARJETA, VENC_TARJETA)
VALUES (123456789011121, 'C', 'Mercantil', 'V-21081301', '2017-08-01');

INSERT INTO TARJETA (NRO_TARJETA, TIPO_TARJETA, BANC_TARJETA, CI_TARJETA, VENC_TARJETA)
VALUES (123456789011122, 'C', 'Santander', 'V-20316654', '2015-06-01');

INSERT INTO TARJETA (NRO_TARJETA, TIPO_TARJETA, BANC_TARJETA, CI_TARJETA, VENC_TARJETA)
VALUES (501878200038989, 'C', 'Bancaribe', 'V-5962715', '2014-06-01');

INSERT INTO TARJETA (NRO_TARJETA, TIPO_TARJETA, BANC_TARJETA, CI_TARJETA, VENC_TARJETA)
VALUES (501856789011122, 'C', 'Banco de Venezuela', 'V-345987', '2016-02-01');

INSERT INTO TARJETA (NRO_TARJETA, TIPO_TARJETA, BANC_TARJETA, CI_TARJETA, VENC_TARJETA)
VALUES (123478209011122, 'C', 'Santander', 'V-11085305', '2015-06-01');

INSERT INTO TARJETA (NRO_TARJETA, TIPO_TARJETA, BANC_TARJETA, CI_TARJETA, VENC_TARJETA)
VALUES (123456780038922, 'C', 'Banesco', 'V-22088321', '2018-09-01');

INSERT INTO TARJETA (NRO_TARJETA, TIPO_TARJETA, BANC_TARJETA, CI_TARJETA, VENC_TARJETA)
VALUES (123456789011713, 'C', 'Provincial', 'V-23087309', '2018-09-01');


--SERVICIO
INSERT INTO SERVICIO(ID_SERVICIO, NOMB_SERVICIO, DESC_SERVICIO, MONTO)
VALUES ('mocelS0000', 'Segundos a Mocel', 'Segundos a mocel', 1.05);

INSERT INTO SERVICIO(ID_SERVICIO, NOMB_SERVICIO, DESC_SERVICIO, MONTO)
VALUES ('mocelS0001', 'Segundos a otras operadoras', 'Segundos a otras operadoras', 1.50);

INSERT INTO SERVICIO(ID_SERVICIO, NOMB_SERVICIO, DESC_SERVICIO, MONTO)
VALUES ('mocelS0002', 'Segundos a fijos', 'Segundos a fijos', 1.50);

INSERT INTO SERVICIO(ID_SERVICIO, NOMB_SERVICIO, DESC_SERVICIO, MONTO)
VALUES ('mocelS0003', 'Mensajes de texto', 'Mensajeria de texto', 0.5);

INSERT INTO SERVICIO(ID_SERVICIO, NOMB_SERVICIO, DESC_SERVICIO, MONTO)
VALUES ('mocelS0004', 'Mensajes multimedia', 'Mensajes multimedia', 1);

INSERT INTO SERVICIO(ID_SERVICIO, NOMB_SERVICIO, DESC_SERVICIO, MONTO)
VALUES ('mocelS0005', 'Buzon de mensajes', 'Buzon de voz', 5);

INSERT INTO SERVICIO(ID_SERVICIO, NOMB_SERVICIO, DESC_SERVICIO, MONTO)
VALUES ('mocelS0006', 'Llamada en conferencia', 'Llamadas de mas de 2 personas', 2);

INSERT INTO SERVICIO(ID_SERVICIO, NOMB_SERVICIO, DESC_SERVICIO, MONTO)
VALUES ('mocelS0007', 'Segundos a cualquier operadora', 'Cualquier operadora', 1.50);


--PAQUETE
INSERT INTO PAQUETE(ID_PAQUETE, NOMB_PAQUETE, MONTO_PAQUETE, DESC_PAQUETE, TIPO_PAQUETE)
VALUES ('mocelPaq0000', 'Mensajes 200', 0, '200 mensajes de texto', 'prepago');

INSERT INTO PAQUETE(ID_PAQUETE, NOMB_PAQUETE, MONTO_PAQUETE, DESC_PAQUETE, TIPO_PAQUETE)
VALUES ('mocelPaq0001', 'Buzon', 0,'Buzon de mensajes', 'ambos');

INSERT INTO PAQUETE(ID_PAQUETE, NOMB_PAQUETE, MONTO_PAQUETE, DESC_PAQUETE, TIPO_PAQUETE)
VALUES ('mocelPaq0002', 'Mocel 1000', 0, '1000 segundos a Mocel', 'prepago');

INSERT INTO PAQUETE(ID_PAQUETE, NOMB_PAQUETE, MONTO_PAQUETE, DESC_PAQUETE, TIPO_PAQUETE)
VALUES ('mocelPaq0003', 'Otros 1000', 0, '1000 segundos a otras operadoras', 'prepago');

INSERT INTO PAQUETE(ID_PAQUETE, NOMB_PAQUETE, MONTO_PAQUETE, DESC_PAQUETE, TIPO_PAQUETE)
VALUES ('mocelPaq0004', 'Conferencia', 0, 'Llamada en conferencia', 'ambos');

INSERT INTO PAQUETE(ID_PAQUETE, NOMB_PAQUETE, MONTO_PAQUETE, DESC_PAQUETE, TIPO_PAQUETE)
VALUES ('mocelPaq0005', 'Mocel 39000', 0, '39000 segundos a Mocel', 'postpago');

INSERT INTO PAQUETE(ID_PAQUETE, NOMB_PAQUETE, MONTO_PAQUETE, DESC_PAQUETE, TIPO_PAQUETE)
VALUES ('mocelPaq0006', 'Otras 2600', 0, '2600 segundos a otras operadoras', 'postpago');

INSERT INTO PAQUETE(ID_PAQUETE, NOMB_PAQUETE, MONTO_PAQUETE, DESC_PAQUETE, TIPO_PAQUETE)
VALUES ('mocelPaq0007', 'Fijos 5000', 0, '5000 segundos a fijos', 'postpago');

INSERT INTO PAQUETE(ID_PAQUETE, NOMB_PAQUETE, MONTO_PAQUETE, DESC_PAQUETE, TIPO_PAQUETE)
VALUES ('mocelPaq0008', 'Pegadito con otros 1500', 16, '1500 segundos a cualquier operadora', 'postpago');

INSERT INTO PAQUETE(ID_PAQUETE, NOMB_PAQUETE, MONTO_PAQUETE, DESC_PAQUETE, TIPO_PAQUETE)
VALUES ('mocelPaq0009', 'Pegadito con otros 30', 19, '30 minutos a cualquier operadora', 'prepago');

INSERT INTO PAQUETE(ID_PAQUETE, NOMB_PAQUETE, MONTO_PAQUETE, DESC_PAQUETE, TIPO_PAQUETE)
VALUES ('mocelPaq0010', 'Mensajes 800', 38, '800 mensajes de texto', 'ambos');

INSERT INTO PAQUETE(ID_PAQUETE, NOMB_PAQUETE, MONTO_PAQUETE, DESC_PAQUETE, TIPO_PAQUETE)
VALUES ('mocelPaq0011', 'Mensajes 300', 20, '300 mensajes de texto', 'ambos');


--PLAN
INSERT INTO PLAN(ID_PLAN, NOMB_PLAN, MONTO_PLAN, TIPO_PLAN, DESC_PLAN)
VALUES ('mocelPre0001', 'Plan Mocel 2000 (Prepago)', 49.00, 'prepago', 'Segs a mocel 1000, segs a otras 1000, msjs 200, buzon msjs');

INSERT INTO PLAN(ID_PLAN, NOMB_PLAN, MONTO_PLAN, TIPO_PLAN, DESC_PLAN)
VALUES ('mocelPos0001', 'Plan Mixto Plus (Postpago)', 211.00, 'postpago', 'Segs a mocel 39000, segs a otras 2600, segs a fijos 5000, msjs 200, buzon msjs');


--PRODUCTO
INSERT INTO PRODUCTO(NOMB_PRODUCTO, ID_PRODUCTO, ID_CLIENTE, SALDO)
VALUES ('movil zenzei', '414-1495939', 'V-21081301', 0.0);

INSERT INTO PRODUCTO(NOMB_PRODUCTO, ID_PRODUCTO, ID_CLIENTE, SALDO)
VALUES ('fijo zenzei', '212-9777082', 'V-21081301', 0.0);

INSERT INTO PRODUCTO(NOMB_PRODUCTO, ID_PRODUCTO, ID_CLIENTE, SALDO)
VALUES ('movil zenzei', '414-1493333', 'V-22123123', 0.0);

INSERT INTO PRODUCTO(NOMB_PRODUCTO, ID_PRODUCTO, ID_CLIENTE, SALDO)
VALUES ('movil zenzei', '414-1113333', 'V-20316654', 0.0);

INSERT INTO PRODUCTO(NOMB_PRODUCTO, ID_PRODUCTO, ID_CLIENTE, SALDO)
VALUES ('fijo zenzei', '212-8116223', 'V-13804094', 0.0);

INSERT INTO PRODUCTO(NOMB_PRODUCTO, ID_PRODUCTO, ID_CLIENTE, SALDO)
VALUES ('fijo zenzei', '212-1312523', 'V-5962715', 0.0);

INSERT INTO PRODUCTO(NOMB_PRODUCTO, ID_PRODUCTO, ID_CLIENTE, SALDO)
VALUES ('movil letus', '414-1112289', 'V-19333444', 0.0);

INSERT INTO PRODUCTO(NOMB_PRODUCTO, ID_PRODUCTO, ID_CLIENTE, SALDO)
VALUES ('movil letus', '414-2112459', 'V-18222111', 0.0);

INSERT INTO PRODUCTO(NOMB_PRODUCTO, ID_PRODUCTO, ID_CLIENTE, SALDO)
VALUES ('movil letus', '414-8102451', 'V-20082351', 0.0);

INSERT INTO PRODUCTO(NOMB_PRODUCTO, ID_PRODUCTO, ID_CLIENTE, SALDO)
VALUES ('fijo letus', '212-8102566', 'V-17789321', 0.0);

INSERT INTO PRODUCTO(NOMB_PRODUCTO, ID_PRODUCTO, ID_CLIENTE, SALDO)
VALUES ('movil letus', '414-8102779', 'V-3786546', 0.0);

INSERT INTO PRODUCTO(NOMB_PRODUCTO, ID_PRODUCTO, ID_CLIENTE, SALDO)
VALUES ('movil letus', '414-5102678', 'V-23087309', 0.0);

INSERT INTO PRODUCTO(NOMB_PRODUCTO, ID_PRODUCTO, ID_CLIENTE, SALDO)
VALUES ('movil letus', '414-8102444', 'V-20071302', 0.0);

INSERT INTO PRODUCTO(NOMB_PRODUCTO, ID_PRODUCTO, ID_CLIENTE, SALDO)
VALUES ('movil letus', '414-8102777', 'V-22088321', 0.0);

INSERT INTO PRODUCTO(NOMB_PRODUCTO, ID_PRODUCTO, ID_CLIENTE, SALDO)
VALUES ('movil letus', '414-8102888', 'V-11085305', 0.0);

INSERT INTO PRODUCTO(NOMB_PRODUCTO, ID_PRODUCTO, ID_CLIENTE, SALDO)
VALUES ('movil letus', '414-8102999', 'V-345987', 0.0);


--FACTURA
INSERT INTO FACTURA(NRO_FACTURA, ID_PRODUCTO, FECHA_FACTURA, MONTO_FACTURA, PAGADA_FACTURA, NRO_TARJETA, OBS_FACTURA)
VALUES (1, '414-1495939', '2013/05/04', 200.50, FALSE, 123456789011121, 'Gastos en Bs.');

INSERT INTO FACTURA(NRO_FACTURA, ID_PRODUCTO, FECHA_FACTURA, MONTO_FACTURA, PAGADA_FACTURA, NRO_TARJETA, OBS_FACTURA)
VALUES (2, '212-9777082', '2013/05/14', 101.60, FALSE, 123456789011121, 'Gastos en Bs.');

INSERT INTO FACTURA(NRO_FACTURA, ID_PRODUCTO, FECHA_FACTURA, MONTO_FACTURA, PAGADA_FACTURA, NRO_TARJETA, OBS_FACTURA)
VALUES (3, '414-1113333', '2013/05/04', 52.30, FALSE, 123456789011122, 'Gastos en Bs.');


--CONSUMO
INSERT INTO CONSUMO(ID_PRODUCTO, ID_SERVICIO, FECHA_CONSUMO, CANT_CONSUMO, CANT_TOTAL_CONSUMO)
VALUES ('414-1495939', 'mocelS0000', '2013/09/12 13:00:20', 03, 03);

INSERT INTO CONSUMO(ID_PRODUCTO, ID_SERVICIO, FECHA_CONSUMO, CANT_CONSUMO, CANT_TOTAL_CONSUMO)
VALUES ('212-9777082', 'mocelS0000', '2013/09/12 11:00:40', 04, 04);

INSERT INTO CONSUMO(ID_PRODUCTO, ID_SERVICIO, FECHA_CONSUMO, CANT_CONSUMO, CANT_TOTAL_CONSUMO)
VALUES ('414-1493333', 'mocelS0000', '2013/09/12 10:00:60', 05, 05);

INSERT INTO CONSUMO(ID_PRODUCTO, ID_SERVICIO, FECHA_CONSUMO, CANT_CONSUMO, CANT_TOTAL_CONSUMO)
VALUES ('414-1113333', 'mocelS0000', '2013/09/12 15:00:20', 05, 05);

INSERT INTO CONSUMO(ID_PRODUCTO, ID_SERVICIO, FECHA_CONSUMO, CANT_CONSUMO, CANT_TOTAL_CONSUMO)
VALUES ('212-8116223', 'mocelS0000', '2013/09/12 16:00:08', 06, 06);

INSERT INTO CONSUMO(ID_PRODUCTO, ID_SERVICIO, FECHA_CONSUMO, CANT_CONSUMO, CANT_TOTAL_CONSUMO)
VALUES ('212-1312523', 'mocelS0002', '2013/09/12 17:00:05', 07, 10);

INSERT INTO CONSUMO(ID_PRODUCTO, ID_SERVICIO, FECHA_CONSUMO, CANT_CONSUMO, CANT_TOTAL_CONSUMO)
VALUES ('212-8102566', 'mocelS0000', '2013/09/12 18:00:50', 02, 10);

INSERT INTO CONSUMO(ID_PRODUCTO, ID_SERVICIO, FECHA_CONSUMO, CANT_CONSUMO, CANT_TOTAL_CONSUMO)
VALUES ('414-1112289', 'mocelS0000', '2013/09/12 19:00:10', 04, 04);

INSERT INTO CONSUMO(ID_PRODUCTO, ID_SERVICIO, FECHA_CONSUMO, CANT_CONSUMO, CANT_TOTAL_CONSUMO)
VALUES ('414-2112459', 'mocelS0000', '2013/09/12 20:00:05', 12, 20);

INSERT INTO CONSUMO(ID_PRODUCTO, ID_SERVICIO, FECHA_CONSUMO, CANT_CONSUMO, CANT_TOTAL_CONSUMO)
VALUES ('414-8102451', 'mocelS0002', '2013/09/12 01:00:02', 10, 21);

INSERT INTO CONSUMO(ID_PRODUCTO, ID_SERVICIO, FECHA_CONSUMO, CANT_CONSUMO, CANT_TOTAL_CONSUMO)
VALUES ('414-1495939', 'mocelS0001', '2013/09/12 00:00:01', 06, 06);

INSERT INTO CONSUMO(ID_PRODUCTO, ID_SERVICIO, FECHA_CONSUMO, CANT_CONSUMO, CANT_TOTAL_CONSUMO)
VALUES ('212-9777082', 'mocelS0003', '2013/09/12 10:00:07', 07, 07);

INSERT INTO CONSUMO(ID_PRODUCTO, ID_SERVICIO, FECHA_CONSUMO, CANT_CONSUMO, CANT_TOTAL_CONSUMO)
VALUES ('414-1493333', 'mocelS0002', '2013/09/12 02:00:45', 08, 08);

INSERT INTO CONSUMO(ID_PRODUCTO, ID_SERVICIO, FECHA_CONSUMO, CANT_CONSUMO, CANT_TOTAL_CONSUMO)
VALUES ('414-1113333', 'mocelS0001', '2013/09/12 04:00:16', 01, 01);

INSERT INTO CONSUMO(ID_PRODUCTO, ID_SERVICIO, FECHA_CONSUMO, CANT_CONSUMO, CANT_TOTAL_CONSUMO)
VALUES ('212-8116223', 'mocelS0003', '2013/09/12 05:00:37', 10, 10);

INSERT INTO CONSUMO(ID_PRODUCTO, ID_SERVICIO, FECHA_CONSUMO, CANT_CONSUMO, CANT_TOTAL_CONSUMO)
VALUES ('212-1312523', 'mocelS0002', '2013/05/12 23:00:17', 3, 10);

INSERT INTO CONSUMO(ID_PRODUCTO, ID_SERVICIO, FECHA_CONSUMO, CANT_CONSUMO, CANT_TOTAL_CONSUMO)
VALUES ('212-8102566', 'mocelS0000', '2013/05/12 22:00:19', 08, 10);

INSERT INTO CONSUMO(ID_PRODUCTO, ID_SERVICIO, FECHA_CONSUMO, CANT_CONSUMO, CANT_TOTAL_CONSUMO)
VALUES ('414-1112289', 'mocelS0002', '2013/05/12 21:00:23', 08, 08);

INSERT INTO CONSUMO(ID_PRODUCTO, ID_SERVICIO, FECHA_CONSUMO, CANT_CONSUMO, CANT_TOTAL_CONSUMO)
VALUES ('414-2112459', 'mocelS0000', '2013/05/12 20:00:32', 08, 20);

INSERT INTO CONSUMO(ID_PRODUCTO, ID_SERVICIO, FECHA_CONSUMO, CANT_CONSUMO, CANT_TOTAL_CONSUMO)
VALUES ('414-8102451', 'mocelS0002', '2013/05/12 19:00:43', 11, 21);


--CONFORMA
INSERT INTO CONFORMA(ID_PAQUETE, ID_SERVICIO, CANT_CONFORMA, COST_ADIC_CONFORMA)
VALUES ('mocelPaq0000', 'mocelS0003', 200, 0.5);

INSERT INTO CONFORMA(ID_PAQUETE, ID_SERVICIO, CANT_CONFORMA, COST_ADIC_CONFORMA)
VALUES ('mocelPaq0001', 'mocelS0005', 1, 0);

INSERT INTO CONFORMA(ID_PAQUETE, ID_SERVICIO, CANT_CONFORMA, COST_ADIC_CONFORMA)
VALUES ('mocelPaq0002', 'mocelS0000', 1000, 0.01150);

INSERT INTO CONFORMA(ID_PAQUETE, ID_SERVICIO, CANT_CONFORMA, COST_ADIC_CONFORMA)
VALUES ('mocelPaq0003', 'mocelS0001', 1000, 0.01250);

INSERT INTO CONFORMA(ID_PAQUETE, ID_SERVICIO, CANT_CONFORMA, COST_ADIC_CONFORMA)
VALUES ('mocelPaq0004', 'mocelS0006', 1, 0);

INSERT INTO CONFORMA(ID_PAQUETE, ID_SERVICIO, CANT_CONFORMA, COST_ADIC_CONFORMA)
VALUES ('mocelPaq0005', 'mocelS0000', 39000, 0.01150);

INSERT INTO CONFORMA(ID_PAQUETE, ID_SERVICIO, CANT_CONFORMA, COST_ADIC_CONFORMA)
VALUES ('mocelPaq0006', 'mocelS0001', 2600, 0.01250);

INSERT INTO CONFORMA(ID_PAQUETE, ID_SERVICIO, CANT_CONFORMA, COST_ADIC_CONFORMA)
VALUES ('mocelPaq0007', 'mocelS0002', 5000, 0.01150);

INSERT INTO CONFORMA(ID_PAQUETE, ID_SERVICIO, CANT_CONFORMA, COST_ADIC_CONFORMA)
VALUES ('mocelPaq0008', 'mocelS0007', 1500, 0.01250);

INSERT INTO CONFORMA(ID_PAQUETE, ID_SERVICIO, CANT_CONFORMA, COST_ADIC_CONFORMA)
VALUES ('mocelPaq0009', 'mocelS0007', 1800, 0.1250);

INSERT INTO CONFORMA(ID_PAQUETE, ID_SERVICIO, CANT_CONFORMA, COST_ADIC_CONFORMA)
VALUES ('mocelPaq0010', 'mocelS0003', 800, 0.5);


--POSEE	
INSERT INTO POSEE(ID_PLAN, ID_PAQUETE)
VALUES ('mocelPre0001','mocelPaq0000');

INSERT INTO POSEE(ID_PLAN, ID_PAQUETE)
VALUES ('mocelPre0001','mocelPaq0001');

INSERT INTO POSEE(ID_PLAN, ID_PAQUETE)
VALUES ('mocelPre0001','mocelPaq0002');

INSERT INTO POSEE(ID_PLAN, ID_PAQUETE)
VALUES ('mocelPre0001','mocelPaq0003');

INSERT INTO POSEE(ID_PLAN, ID_PAQUETE)
VALUES ('mocelPos0001','mocelPaq0005');

INSERT INTO POSEE(ID_PLAN, ID_PAQUETE)
VALUES ('mocelPos0001','mocelPaq0006');

INSERT INTO POSEE(ID_PLAN, ID_PAQUETE)
VALUES ('mocelPos0001','mocelPaq0007');

INSERT INTO POSEE(ID_PLAN, ID_PAQUETE)
VALUES ('mocelPos0001','mocelPaq0000');

INSERT INTO POSEE(ID_PLAN, ID_PAQUETE)
VALUES ('mocelPos0001','mocelPaq0001');


--AGREGA
INSERT INTO AGREGA(ID_PRODUCTO, ID_PAQUETE, FECHA_AGREGA, VIGENTE_AGREGA)
VALUES ('414-1495939', 'mocelPaq0008', '2013/10/01', TRUE);

INSERT INTO AGREGA(ID_PRODUCTO, ID_PAQUETE, FECHA_AGREGA, VIGENTE_AGREGA)
VALUES ('414-1495939', 'mocelPaq0009', '2013/10/02', TRUE);

INSERT INTO AGREGA(ID_PRODUCTO, ID_PAQUETE, FECHA_AGREGA, VIGENTE_AGREGA)
VALUES ('414-1495939', 'mocelPaq0010', '2013/10/01', TRUE);

INSERT INTO AGREGA(ID_PRODUCTO, ID_PAQUETE, FECHA_AGREGA, VIGENTE_AGREGA)
VALUES ('212-9777082', 'mocelPaq0009', '2013/10/03', TRUE);

INSERT INTO AGREGA(ID_PRODUCTO, ID_PAQUETE, FECHA_AGREGA, VIGENTE_AGREGA)
VALUES ('414-1493333', 'mocelPaq0010', '2013/10/04', TRUE);


--AFILIA
INSERT INTO AFILIA(ID_PRODUCTO, ID_PLAN, FECHA_AFILIA, DIA_COBRO, VIGENTE_AFILIA)
VALUES ('414-1495939', 'mocelPre0001', '2013/03/02', 02, TRUE);

INSERT INTO AFILIA(ID_PRODUCTO, ID_PLAN, FECHA_AFILIA, DIA_COBRO, VIGENTE_AFILIA)
VALUES ('212-9777082', 'mocelPos0001', '2013/03/02', 02, TRUE);

INSERT INTO AFILIA(ID_PRODUCTO, ID_PLAN, FECHA_AFILIA, DIA_COBRO, VIGENTE_AFILIA)
VALUES ('414-1493333', 'mocelPre0001', '2013/03/02', 02, TRUE);

INSERT INTO AFILIA(ID_PRODUCTO, ID_PLAN, FECHA_AFILIA, DIA_COBRO, VIGENTE_AFILIA)
VALUES ('414-1113333', 'mocelPre0001', '2013/03/02', 02, TRUE);

INSERT INTO AFILIA(ID_PRODUCTO, ID_PLAN, FECHA_AFILIA, DIA_COBRO, VIGENTE_AFILIA)
VALUES ('212-8116223', 'mocelPos0001', '2013/03/04', 04, TRUE);

INSERT INTO AFILIA(ID_PRODUCTO, ID_PLAN, FECHA_AFILIA, DIA_COBRO, VIGENTE_AFILIA)
VALUES ('212-1312523', 'mocelPos0001', '2013/03/04', 04, TRUE);

INSERT INTO AFILIA(ID_PRODUCTO, ID_PLAN, FECHA_AFILIA, DIA_COBRO, VIGENTE_AFILIA)
VALUES ('212-8102566', 'mocelPos0001', '2013/03/02', 02, TRUE);

INSERT INTO AFILIA(ID_PRODUCTO, ID_PLAN, FECHA_AFILIA, DIA_COBRO, VIGENTE_AFILIA)
VALUES ('414-8102779', 'mocelPre0001', '2013/03/05', 05, TRUE);

INSERT INTO AFILIA(ID_PRODUCTO, ID_PLAN, FECHA_AFILIA, DIA_COBRO, VIGENTE_AFILIA)
VALUES ('414-5102678', 'mocelPre0001', '2013/03/06', 06, TRUE);

INSERT INTO AFILIA(ID_PRODUCTO, ID_PLAN, FECHA_AFILIA, DIA_COBRO, VIGENTE_AFILIA)
VALUES ('414-8102444', 'mocelPre0001', '2013/03/03', 03, TRUE);

INSERT INTO AFILIA(ID_PRODUCTO, ID_PLAN, FECHA_AFILIA, DIA_COBRO, VIGENTE_AFILIA)
VALUES ('414-8102777', 'mocelPre0001', '2013/03/05', 05, TRUE);

INSERT INTO AFILIA(ID_PRODUCTO, ID_PLAN, FECHA_AFILIA, DIA_COBRO, VIGENTE_AFILIA)
VALUES ('414-8102888', 'mocelPos0001', '2013/03/07', 07, TRUE);

INSERT INTO AFILIA(ID_PRODUCTO, ID_PLAN, FECHA_AFILIA, DIA_COBRO, VIGENTE_AFILIA)
VALUES ('414-8102999', 'mocelPos0001', '2013/03/08', 08, TRUE);


--ADICIONA
INSERT INTO ADICIONA(ID_PRODUCTO, ID_SERVICIO, FECHA_ADICION, VIGENTE_ADICIONA)
VALUES ('414-1495939', 'mocelS0007', '2013/09/14', TRUE);
