--CLIENTE
INSERT INTO CLIENTE(ID_CLIENTE, NOMB_CLIENTE, NAC_CLIENTE, DIR_CLIENTE)
VALUES ('V-21081301', 'Patricia Wilthew', '1992/06/11', 'Santa Fe Norte, Edif Cinaruco, Apto 14.');

INSERT INTO CLIENTE(ID_CLIENTE, NOMB_CLIENTE, NAC_CLIENTE, DIR_CLIENTE)
VALUES ('V-22123123', 'Luis Perez', '1993/04/16', 'Sta Monica, Edif AguaAzul, Apto 3.');

INSERT INTO CLIENTE(ID_CLIENTE, NOMB_CLIENTE, NAC_CLIENTE, DIR_CLIENTE)
VALUES ('V-20316654', 'Francisco Gamundi', '1991/10/04', 'Las mercedes, Edif La Casacado, Apto 8B.');

INSERT INTO CLIENTE(ID_CLIENTE, NOMB_CLIENTE, NAC_CLIENTE, DIR_CLIENTE)
VALUES ('V-13804094', 'Carlos A. Wilthew', '1953/05/28', 'Las Palmas, Edif Arboleda, Apto 3N.');

INSERT INTO CLIENTE(ID_CLIENTE, NOMB_CLIENTE, NAC_CLIENTE, DIR_CLIENTE)
VALUES ('V-5962715', 'Surama Rojas', '1960/10/13', 'Calicanto, Edif Caroni I, Apto 2A.');

INSERT INTO CLIENTE(ID_CLIENTE, NOMB_CLIENTE, NAC_CLIENTE, DIR_CLIENTE)
VALUES ('V-19333444', 'Sonia Alvarez', '1970/04/11', 'El Cigarral, Edif Casas del Sol, Apto 20.');

INSERT INTO CLIENTE(ID_CLIENTE, NOMB_CLIENTE, NAC_CLIENTE, DIR_CLIENTE)
VALUES ('V-18222111', 'Rafael Urdaneta', '1993/02/01', 'Chacao, Edif Azul, Apto 2.');

INSERT INTO CLIENTE(ID_CLIENTE, NOMB_CLIENTE, NAC_CLIENTE, DIR_CLIENTE)
VALUES ('V-20082351', 'Gabriela Castro', '1992/01/16', 'Pdos del Este, Calle Ppal, qta Casca.');

INSERT INTO CLIENTE(ID_CLIENTE, NOMB_CLIENTE, NAC_CLIENTE, DIR_CLIENTE)
VALUES ('V-17789321', 'Cecilia Blanco', '1962/09/07', 'El Hatillo, Calle Las Armas, qta Losereno.');

INSERT INTO CLIENTE(ID_CLIENTE, NOMB_CLIENTE, NAC_CLIENTE, DIR_CLIENTE)
VALUES ('V-3786546', 'Luis Alberto Rojas', '1955/04/11', 'Santa Fe Norte, Edif Cinaruco, Apto 14.');

INSERT INTO CLIENTE(ID_CLIENTE, NOMB_CLIENTE, NAC_CLIENTE, DIR_CLIENTE)
VALUES ('V-23087309', 'Carlos Bajares', '1942/03/22', 'Sta Ines, Calle ppal, Edif Halameo, Apto 88.');

INSERT INTO CLIENTE(ID_CLIENTE, NOMB_CLIENTE, NAC_CLIENTE, DIR_CLIENTE)
VALUES ('V-20071302', 'Sofia Sanchez', '1970/08/10', 'Macaracuay, Edif Silvador, Apto 55.');

INSERT INTO CLIENTE(ID_CLIENTE, NOMB_CLIENTE, NAC_CLIENTE, DIR_CLIENTE)
VALUES ('V-22088321', 'Andrea Rios', '1978/09/17', 'La Lagunita, Edif Blanca Suites, Apto 19.');

INSERT INTO CLIENTE(ID_CLIENTE, NOMB_CLIENTE, NAC_CLIENTE, DIR_CLIENTE)
VALUES ('V-11085305', 'Andreina Hernandez', '1992/06/12', 'Los Palos Grandes, Edif El Pino, Apto 22.');

INSERT INTO CLIENTE(ID_CLIENTE, NOMB_CLIENTE, NAC_CLIENTE, DIR_CLIENTE)
VALUES ('V-345987', 'Susana Bajares', '1913/02/21', 'La Tahona, Edif Arboles, Apto 74.');


--TARJETA
INSERT INTO TARJETA (NRO_TARJETA, TIPO_TARJETA, BANC_TARJETA, CI_TARJETA, VENC_TARJETA)
VALUES (123456789011121, 'C', 'Mercantil', 'V-21081301', '2017-08-01');

INSERT INTO TARJETA (NRO_TARJETA, TIPO_TARJETA, BANC_TARJETA, CI_TARJETA, VENC_TARJETA)
VALUES (123456789011122, 'C', 'Santander', 'V-20316654', '2015-06-01');

INSERT INTO TARJETA (NRO_TARJETA, TIPO_TARJETA, BANC_TARJETA, CI_TARJETA, VENC_TARJETA)
VALUES (501878200038989, 'A', 'Bancaribe', 'V-5962715', '2014-06-01');

INSERT INTO TARJETA (NRO_TARJETA, TIPO_TARJETA, BANC_TARJETA, CI_TARJETA, VENC_TARJETA)
VALUES (501856789011122, 'C', 'Banco de Venezuela', 'V-345987', '2016-02-01');

INSERT INTO TARJETA (NRO_TARJETA, TIPO_TARJETA, BANC_TARJETA, CI_TARJETA, VENC_TARJETA)
VALUES (123478209011122, 'C', 'Santander', 'V-11085305', '2015-06-01');

INSERT INTO TARJETA (NRO_TARJETA, TIPO_TARJETA, BANC_TARJETA, CI_TARJETA, VENC_TARJETA)
VALUES (123456780038922, 'C', 'Banesco', 'V-22088321', '2018-09-01');

INSERT INTO TARJETA (NRO_TARJETA, TIPO_TARJETA, BANC_TARJETA, CI_TARJETA, VENC_TARJETA)
VALUES (123456789011713, 'C', 'Provincial', 'V-23087309', '2018-09-01');


--SERVICIO
INSERT INTO SERVICIO (ID_SERVICIO, NOMB_SERVICIO, DESC_SERVICIO, MONTO)
VALUES ('tvCS0001', 'Servicio Alquiler Decodificador', 'Texto auxiliar', 0.2537);

INSERT INTO SERVICIO (ID_SERVICIO, NOMB_SERVICIO, DESC_SERVICIO, MONTO)
VALUES ('tvCS0002', 'TVBrasil', 'Texto auxiliar', 0.2537);

INSERT INTO SERVICIO (ID_SERVICIO, NOMB_SERVICIO, DESC_SERVICIO, MONTO)
VALUES ('tvCS0003', 'SPN', 'Texto auxiliar', 0.2537);

INSERT INTO SERVICIO (ID_SERVICIO, NOMB_SERVICIO, DESC_SERVICIO, MONTO)
VALUES ('tvCS0004', 'NoticiasMundial', 'Texto auxiliar', 0.2537);

INSERT INTO SERVICIO (ID_SERVICIO, NOMB_SERVICIO, DESC_SERVICIO, MONTO)
VALUES ('tvCS0005', 'PAYPERVIEW', 'Texto auxiliar', 0.2537);

INSERT INTO SERVICIO (ID_SERVICIO, NOMB_SERVICIO, DESC_SERVICIO, MONTO)
VALUES ('tvC0006', 'CANAL NACIONAL', 'Texto auxiliar', 0.2537);

INSERT INTO SERVICIO (ID_SERVICIO, NOMB_SERVICIO, DESC_SERVICIO, MONTO)
VALUES ('tvC0007', 'CANAL VARIEDADES', 'Texto auxiliar', 0.2537);

INSERT INTO SERVICIO (ID_SERVICIO, NOMB_SERVICIO, DESC_SERVICIO, MONTO)
VALUES ('tvC0008', 'CANAL KIDS', 'Texto auxiliar', 0.2537);

INSERT INTO SERVICIO (ID_SERVICIO, NOMB_SERVICIO, DESC_SERVICIO, MONTO)
VALUES ('tvC0009', 'CANAL CINE', 'Texto auxiliar', 0.2537);

INSERT INTO SERVICIO (ID_SERVICIO, NOMB_SERVICIO, DESC_SERVICIO, MONTO)
VALUES ('tvC0010', 'CANAL DEPORTES', 'Texto auxiliar', 0.2537);

INSERT INTO SERVICIO (ID_SERVICIO, NOMB_SERVICIO, DESC_SERVICIO, MONTO)
VALUES ('tvC0011', 'CANAL MUNDO', 'Texto auxiliar', 0.2537);

INSERT INTO SERVICIO (ID_SERVICIO, NOMB_SERVICIO, DESC_SERVICIO, MONTO)
VALUES ('tvC0012', 'CANAL RADIO', 'Texto auxiliar', 0.2537);


--PAQUETE
INSERT INTO PAQUETE (ID_PAQUETE, NOMB_PAQUETE, MONTO_PAQUETE, DESC_PAQUETE, TIPO_PAQUETE)
VALUES('tvCPA001', 'Nacionales Basico', 0, 'Incluye 14 canales nacionales', 'niguno');

INSERT INTO PAQUETE (ID_PAQUETE, NOMB_PAQUETE, MONTO_PAQUETE, DESC_PAQUETE, TIPO_PAQUETE)
VALUES('tvCPA002', 'Variedades Basico', 0, 'Incluye 15 canales de variedades', 'niguno');

INSERT INTO PAQUETE (ID_PAQUETE, NOMB_PAQUETE, MONTO_PAQUETE, DESC_PAQUETE, TIPO_PAQUETE)
VALUES('tvCPA003', 'Cine Basico', 0, 'Incluye 4 canales de cine', 'niguno');

INSERT INTO PAQUETE (ID_PAQUETE, NOMB_PAQUETE, MONTO_PAQUETE, DESC_PAQUETE, TIPO_PAQUETE)
VALUES('tvCPA004', 'Deportes Basico', 0, 'Incluye 4 canales de deportes', 'niguno');

INSERT INTO PAQUETE (ID_PAQUETE, NOMB_PAQUETE, MONTO_PAQUETE, DESC_PAQUETE, TIPO_PAQUETE)
VALUES('tvCPA005', 'Kids Basico', 0, 'Incluye 4 canales para niños', 'niguno');

INSERT INTO PAQUETE (ID_PAQUETE, NOMB_PAQUETE, MONTO_PAQUETE, DESC_PAQUETE, TIPO_PAQUETE)
VALUES('tvCPA006', 'Mundos Basico', 0, 'Incluye 9 canales de mundos', 'niguno');

INSERT INTO PAQUETE (ID_PAQUETE, NOMB_PAQUETE, MONTO_PAQUETE, DESC_PAQUETE, TIPO_PAQUETE)
VALUES('tvCPA007', 'Radio Basico', 0, 'Incluye 7 canales de radio', 'niguno');

INSERT INTO PAQUETE (ID_PAQUETE, NOMB_PAQUETE, MONTO_PAQUETE, DESC_PAQUETE, TIPO_PAQUETE)
VALUES('tvCPA008', 'Variedades Ultra', 0, 'Incluye 28 canales de variedades', 'niguno');

INSERT INTO PAQUETE (ID_PAQUETE, NOMB_PAQUETE, MONTO_PAQUETE, DESC_PAQUETE, TIPO_PAQUETE)
VALUES('tvCPA009', 'Kids Ultra', 0, 'Incluye 7 canales para niños', 'niguno');

INSERT INTO PAQUETE (ID_PAQUETE, NOMB_PAQUETE, MONTO_PAQUETE, DESC_PAQUETE, TIPO_PAQUETE)
VALUES('tvCPA010', 'Cine Ultra', 0, 'Incluye 10 canales de cine', 'niguno');

INSERT INTO PAQUETE (ID_PAQUETE, NOMB_PAQUETE, MONTO_PAQUETE, DESC_PAQUETE, TIPO_PAQUETE)
VALUES('tvCPA011', 'Deportes Ultra', 0, 'Incluye 9 canales de deportes', 'niguno');

INSERT INTO PAQUETE (ID_PAQUETE, NOMB_PAQUETE, MONTO_PAQUETE, DESC_PAQUETE, TIPO_PAQUETE)
VALUES('tvCPA012', 'Mundos Ultra', 0, 'Incluye 20 canales de mundos', 'niguno');

INSERT INTO PAQUETE (ID_PAQUETE, NOMB_PAQUETE, MONTO_PAQUETE, DESC_PAQUETE, TIPO_PAQUETE)
VALUES('tvCPA013', 'Radio Mega', 0, 'Incluye 37 canales de radio', 'niguno');

INSERT INTO PAQUETE (ID_PAQUETE, NOMB_PAQUETE, MONTO_PAQUETE, DESC_PAQUETE, TIPO_PAQUETE)
VALUES ('tvCPA014', 'Decodificador', 20, 'Costo Alquiler', 'niguno');

INSERT INTO PAQUETE (ID_PAQUETE, NOMB_PAQUETE, MONTO_PAQUETE, DESC_PAQUETE, TIPO_PAQUETE)
VALUES ('tvCPA015', 'TVBrasil', 42, 'Costo TVBrasil', 'ambos');

INSERT INTO PAQUETE (ID_PAQUETE, NOMB_PAQUETE, MONTO_PAQUETE, DESC_PAQUETE, TIPO_PAQUETE)
VALUES ('tvCPA016', 'SPN', 30, 'Costo SPN', 'ambos');

INSERT INTO PAQUETE (ID_PAQUETE, NOMB_PAQUETE, MONTO_PAQUETE, DESC_PAQUETE, TIPO_PAQUETE)
VALUES ('tvCPA017', 'NoticiasMundial', 35, 'Costo N-Mundial', 'ambos');

INSERT INTO PAQUETE (ID_PAQUETE, NOMB_PAQUETE, MONTO_PAQUETE, DESC_PAQUETE, TIPO_PAQUETE)
VALUES ('tvCPA018', 'PAYPERVIEW', 5, 'Costo Alquiler Pelicula', 'postpago');


--PLAN
INSERT INTO PLAN (ID_PLAN, NOMB_PLAN, MONTO_PLAN, TIPO_PLAN, DESC_PLAN)
VALUES ('tvCP0001', 'Plan TVCABLE Bronce', 140, 'prepago', '14 nacionales, 15 variedades, 4 cine, 4 deportes, 9 mundos, 4 kids y 7 radio.');

INSERT INTO PLAN (ID_PLAN, NOMB_PLAN, MONTO_PLAN, TIPO_PLAN, DESC_PLAN)
VALUES ('tvCP0002', 'Plan TVCABLE Plata', 220, 'prepago','14 nacionales, 28 variedades, 7 kids, 10 cine, 9 deportes, 20 mundos y 37 radio.');


--POSEE
INSERT INTO POSEE (ID_PLAN, ID_PAQUETE)
VALUES ('tvCP0001','tvCPA001');

INSERT INTO POSEE (ID_PLAN, ID_PAQUETE)
VALUES ('tvCP0001','tvCPA002');

INSERT INTO POSEE (ID_PLAN, ID_PAQUETE)
VALUES ('tvCP0001','tvCPA003');

INSERT INTO POSEE (ID_PLAN, ID_PAQUETE)
VALUES ('tvCP0001','tvCPA004');

INSERT INTO POSEE (ID_PLAN, ID_PAQUETE)
VALUES ('tvCP0001','tvCPA005');

INSERT INTO POSEE (ID_PLAN, ID_PAQUETE)
VALUES ('tvCP0001','tvCPA006');

INSERT INTO POSEE (ID_PLAN, ID_PAQUETE)
VALUES ('tvCP0001','tvCPA007');

INSERT INTO POSEE (ID_PLAN, ID_PAQUETE)
VALUES ('tvCP0002','tvCPA001');

INSERT INTO POSEE (ID_PLAN, ID_PAQUETE)
VALUES ('tvCP0002','tvCPA008');

INSERT INTO POSEE (ID_PLAN, ID_PAQUETE)
VALUES ('tvCP0002','tvCPA009');

INSERT INTO POSEE (ID_PLAN, ID_PAQUETE)
VALUES ('tvCP0002','tvCPA010');

INSERT INTO POSEE (ID_PLAN, ID_PAQUETE)
VALUES ('tvCP0002','tvCPA011');

INSERT INTO POSEE (ID_PLAN, ID_PAQUETE)
VALUES ('tvCP0002','tvCPA012');

INSERT INTO POSEE (ID_PLAN, ID_PAQUETE)
VALUES ('tvCP0002','tvCPA013');


--CONFORMA
INSERT INTO CONFORMA (ID_PAQUETE, ID_SERVICIO, CANT_CONFORMA,COST_ADIC_CONFORMA)
VALUES ('tvCPA001', 'tvC0006', 14, 0);

INSERT INTO CONFORMA (ID_PAQUETE, ID_SERVICIO, CANT_CONFORMA,COST_ADIC_CONFORMA)
VALUES ('tvCPA002', 'tvC0007', 15, 0);

INSERT INTO CONFORMA (ID_PAQUETE, ID_SERVICIO, CANT_CONFORMA,COST_ADIC_CONFORMA)
VALUES ('tvCPA003', 'tvC0008', 4, 0);

INSERT INTO CONFORMA (ID_PAQUETE, ID_SERVICIO, CANT_CONFORMA,COST_ADIC_CONFORMA)
VALUES ('tvCPA004', 'tvC0009', 4, 0);

INSERT INTO CONFORMA (ID_PAQUETE, ID_SERVICIO, CANT_CONFORMA,COST_ADIC_CONFORMA)
VALUES ('tvCPA005', 'tvC0010', 4, 0);

INSERT INTO CONFORMA (ID_PAQUETE, ID_SERVICIO, CANT_CONFORMA,COST_ADIC_CONFORMA)
VALUES ('tvCPA006', 'tvC0011', 9, 0);

INSERT INTO CONFORMA (ID_PAQUETE, ID_SERVICIO, CANT_CONFORMA,COST_ADIC_CONFORMA)
VALUES ('tvCPA007', 'tvC0012', 7, 0);

INSERT INTO CONFORMA (ID_PAQUETE, ID_SERVICIO, CANT_CONFORMA,COST_ADIC_CONFORMA)
VALUES ('tvCPA008', 'tvC0007', 28, 0);

INSERT INTO CONFORMA (ID_PAQUETE, ID_SERVICIO, CANT_CONFORMA,COST_ADIC_CONFORMA)
VALUES ('tvCPA009', 'tvC0011', 7, 0);

INSERT INTO CONFORMA (ID_PAQUETE, ID_SERVICIO, CANT_CONFORMA,COST_ADIC_CONFORMA)
VALUES ('tvCPA010', 'tvC0008', 10, 0);

INSERT INTO CONFORMA (ID_PAQUETE, ID_SERVICIO, CANT_CONFORMA,COST_ADIC_CONFORMA)
VALUES ('tvCPA011', 'tvC0009', 9, 0);

INSERT INTO CONFORMA (ID_PAQUETE, ID_SERVICIO, CANT_CONFORMA,COST_ADIC_CONFORMA)
VALUES ('tvCPA012', 'tvC0010', 20, 0);

INSERT INTO CONFORMA (ID_PAQUETE, ID_SERVICIO, CANT_CONFORMA,COST_ADIC_CONFORMA)
VALUES ('tvCPA013', 'tvC0012', 37, 0);


--PRODUCTO
INSERT INTO PRODUCTO(NOMB_PRODUCTO, ID_PRODUCTO, ID_CLIENTE, SALDO)
VALUES ('Decodificador Alcatel', 'tvCPR0001', 'V-21081301', 0.0);

INSERT INTO PRODUCTO(NOMB_PRODUCTO, ID_PRODUCTO, ID_CLIENTE, SALDO)
VALUES ('Decodificador Democa', 'tvCPR0002', 'V-22123123', 0.0);

INSERT INTO PRODUCTO(NOMB_PRODUCTO, ID_PRODUCTO, ID_CLIENTE, SALDO)
VALUES ('Decodificador ZTE', 'tvCPR0003', 'V-20316654', 0.0);

INSERT INTO PRODUCTO(NOMB_PRODUCTO, ID_PRODUCTO, ID_CLIENTE, SALDO)
VALUES ('Decodificador Democa', 'tvCPR0004', 'V-21081301', 0.0);


--FACTURA
INSERT INTO FACTURA(NRO_FACTURA, ID_PRODUCTO, FECHA_FACTURA, MONTO_FACTURA, PAGADA_FACTURA, NRO_TARJETA, OBS_FACTURA)
VALUES (1, 'tvCPR0001', '2013/05/04', 200.50, FALSE, 123456789011121, 'Gastos en Bs.');

INSERT INTO FACTURA(NRO_FACTURA, ID_PRODUCTO, FECHA_FACTURA, MONTO_FACTURA, PAGADA_FACTURA, NRO_TARJETA, OBS_FACTURA)
VALUES (2, 'tvCPR0001', '2013/05/14', 101.60, FALSE, 123456789011121, 'Gastos en Bs.');

INSERT INTO FACTURA(NRO_FACTURA, ID_PRODUCTO, FECHA_FACTURA, MONTO_FACTURA, PAGADA_FACTURA, NRO_TARJETA, OBS_FACTURA)
VALUES (3, 'tvCPR0002', '2013/05/04', 52.30, FALSE, 123456789011122, 'Gastos en Bs.');


--AFILIA
INSERT INTO AFILIA (ID_PLAN, ID_PRODUCTO, FECHA_AFILIA, DIA_COBRO, VIGENTE_AFILIA)
VALUES ('tvCP0001', 'tvCPR0001', '2000/05/12', 25, TRUE);

INSERT INTO AFILIA (ID_PLAN, ID_PRODUCTO, FECHA_AFILIA, DIA_COBRO, VIGENTE_AFILIA)
VALUES ('tvCP0001', 'tvCPR0002', '2004/11/26', 22, TRUE);

INSERT INTO AFILIA (ID_PLAN, ID_PRODUCTO, FECHA_AFILIA, DIA_COBRO, VIGENTE_AFILIA)
VALUES ('tvCP0001', 'tvCPR0003', '2007/03/25', 24, TRUE);

INSERT INTO AFILIA (ID_PLAN, ID_PRODUCTO, FECHA_AFILIA, DIA_COBRO, VIGENTE_AFILIA)
VALUES ('tvCP0001', 'tvCPR0004', '2012/09/02', 23, TRUE);


--AGREGA
INSERT INTO AGREGA(ID_PAQUETE, ID_PRODUCTO, FECHA_AGREGA, VIGENTE_AGREGA)
VALUES ('tvCPA014', 'tvCPR0001', '2000/05/12', TRUE);

INSERT INTO AGREGA(ID_PAQUETE, ID_PRODUCTO, FECHA_AGREGA, VIGENTE_AGREGA)
VALUES ('tvCPA015', 'tvCPR0002', '2004/11/26', TRUE);

INSERT INTO AGREGA(ID_PAQUETE, ID_PRODUCTO, FECHA_AGREGA, VIGENTE_AGREGA)
VALUES ('tvCPA016', 'tvCPR0003', '2007/03/25', TRUE);

INSERT INTO AGREGA(ID_PAQUETE, ID_PRODUCTO, FECHA_AGREGA, VIGENTE_AGREGA)
VALUES ('tvCPA014', 'tvCPR0004', '2012/09/02', TRUE);

INSERT INTO AGREGA(ID_PAQUETE, ID_PRODUCTO, FECHA_AGREGA, VIGENTE_AGREGA)
VALUES ('tvCPA001', 'tvCPR0004', '2012/09/02', TRUE);


--CONSUMO
INSERT INTO CONSUMO(ID_PRODUCTO, ID_SERVICIO, FECHA_CONSUMO, CANT_CONSUMO, CANT_TOTAL_CONSUMO)
VALUES ('tvCPR0001', 'tvCS0005', '2013/05/07 13:00:00',1,1);

INSERT INTO CONSUMO(ID_PRODUCTO, ID_SERVICIO, FECHA_CONSUMO, CANT_CONSUMO, CANT_TOTAL_CONSUMO)
VALUES ('tvCPR0001', 'tvCS0005', '2013/05/07 16:00:00',1,2);

INSERT INTO CONSUMO(ID_PRODUCTO, ID_SERVICIO, FECHA_CONSUMO, CANT_CONSUMO, CANT_TOTAL_CONSUMO)
VALUES ('tvCPR0001', 'tvCS0005', '2013/05/12 14:00:00',2,4);

INSERT INTO CONSUMO(ID_PRODUCTO, ID_SERVICIO, FECHA_CONSUMO, CANT_CONSUMO, CANT_TOTAL_CONSUMO)
VALUES ('tvCPR0001', 'tvCS0005', '2013/05/12 17:35:00',4,8);

INSERT INTO CONSUMO(ID_PRODUCTO, ID_SERVICIO, FECHA_CONSUMO, CANT_CONSUMO, CANT_TOTAL_CONSUMO)
VALUES ('tvCPR0002', 'tvCS0005', '2013/05/07 13:00:00',1,1);

INSERT INTO CONSUMO(ID_PRODUCTO, ID_SERVICIO, FECHA_CONSUMO, CANT_CONSUMO, CANT_TOTAL_CONSUMO)
VALUES ('tvCPR0002', 'tvCS0005', '2013/05/07 14:00:00',1,2);

INSERT INTO CONSUMO(ID_PRODUCTO, ID_SERVICIO, FECHA_CONSUMO, CANT_CONSUMO, CANT_TOTAL_CONSUMO)
VALUES ('tvCPR0002', 'tvCS0005', '2013/05/12 12:00:00',1,3);

INSERT INTO CONSUMO(ID_PRODUCTO, ID_SERVICIO, FECHA_CONSUMO, CANT_CONSUMO, CANT_TOTAL_CONSUMO)
VALUES ('tvCPR0004', 'tvCS0005', '2013/05/07 13:00:00',2,2);

INSERT INTO CONSUMO(ID_PRODUCTO, ID_SERVICIO, FECHA_CONSUMO, CANT_CONSUMO, CANT_TOTAL_CONSUMO)
VALUES ('tvCPR0004', 'tvCS0005', '2013/05/07 16:00:00',4,6);

INSERT INTO CONSUMO(ID_PRODUCTO, ID_SERVICIO, FECHA_CONSUMO, CANT_CONSUMO, CANT_TOTAL_CONSUMO)
VALUES ('tvCPR0004', 'tvC0006', '2013/05/12 14:00:00',2,8);

INSERT INTO CONSUMO(ID_PRODUCTO, ID_SERVICIO, FECHA_CONSUMO, CANT_CONSUMO, CANT_TOTAL_CONSUMO)
VALUES ('tvCPR0004', 'tvC0006', '2013/05/13 07:35:00',1,9);

--ADICIONA
--NO SE HAN AGREGADO TABLAS
